ort_id;name;kategorie;unterkategorie;adresse;plz;stadtteil;bezirk;website;anlagetyp;anlage_hinweise;Ermäßigung;konfession;quelle;quelle_datum;verifiziert;lat;lon;notizen
T001;Altonaer Theater;theater;;Museumsstraße 17;22765;Ottensen;Altona;https://www.altonaer-Theater.de/service/barrierefreiheit/ ;mobile_connect;Eigenes Smartphone oder iPod zum Ausleihen;ja;nan;Webseite;26. März 2026;nein;53.548477;9.934263;
T002;Deutsches Schauspielhaus;theater;;Kirchenallee 39;20099;St. Georg;Hamburg-Mitte;https://schauspielhaus.de/ihr-besuch;mobile_connect;;GdB50;nan;Webseite;26. März 2026;nein;53.554497;10.008936;
T003;Ernst-Deutsch-Theater;theater;;Friedrich-Schütterplatz 1;22087;Uhlenhorst;Hamburg-Nord;www.ernst-deutsch-Theater.de/barrierefreiheit/;funk;Kopfhörerverleih;GdB50;nan;Webseite;26. März 2026;nein;53.569245;10.026195;
T004;Harburger Theater;theater;;Museumsplatz 2;21073;Harburg;Harburg;https://www.harburger-theater.de/barrierefreiheit/;induktion;Reihe 1-3;ja;nan;Webseite;26. März 2026;nein;53.459162;9.97726;
T005;Komödie Winterhuder Fährhaus;theater;;Hudtwalkerstraße 13;22299;Winterhude;Hamburg-Nord;https://www.komoedie-hamburg.de/hygienekonzept-barrierefreiheit/;infrarot;Kinnbügelkopfhörer an der Garderobe;ja;nan;Webseite;26. März 2026;nein;53.593717;9.994248;
T006;Ohnsorg Theater;theater;;Heidi-Kabel-Platz 1;20099;St. Georg;Hamburg-Mitte;https://www.ohnsorg.de/service/barrierefreiheit-am-ohnsorg-theater/;infrarot;Sennheiser Kopfhörer HDI-830 zum Ausleihen;GdB60;nan;Webseite;26. März 2026;nein;53.554502;10.007081;
T007;St. Pauli Theater;theater;;Spielbudenplatz 29-30;20359;St. Pauli;Hamburg-Mitte;https://www.st-pauli-theater.de/karten/#1552992428215-3-4;induktion;Gesamter Parkettbereich (außer Reihe A+B) sowie erster Rang;ja;nan;Webseite;26. März 2026;nein;53.549101;9.962988;
T008;Thalia Theater;theater;;Alstertor;20095;Altstadt;Hamburg-Mitte;https://www.thalia-theater.de/en/accessibility#h%C3%B6rverst%C3%A4rkung;infrarot, DGS (ausgewählt);Ausgewählte Veranstaltungen in DGS;ja;nan;Webseite;26. März 2026;nein;53.552138;9.998668;
T009;Stage Theater an der Elbe;theater;;Norderelbstraße 8;20457;HafenCity;Hamburg-Mitte;https://www.stage-entertainment.de/;funk;Kopfhörer an der Kasse erhältlich;GdB70;nan;Bund der Schwerhörigen e.V. https://www.glvhh.de/unsere-angebote/technik-hilfsmittel/anlagenverzeichnis/;01. Mai 2020;nein;53.539685;9.974608;
T010;Theater in der Marschnerstraße;theater;;Marschnerstraße 46;22081;Barmbek-Süd;Hamburg-Nord;http://www.theater-marschnerstrasse.de/;infrarot;Empfangsgeräte zum Ausleihen;nein;nan;Bund der Schwerhörigen e.V. https://www.glvhh.de/unsere-angebote/technik-hilfsmittel/anlagenverzeichnis/;01. Mai 2020;nein;53.573742;10.04005;
T011;Kampnagel;theater;;Jarrestraße 20;22303;Winterhude;Hamburg-Nord;https://kampnagel.de/service/barrierefreiheit/barrierefreie-veranstaltungen;induktion, DGS (ausgewählt), untertitel;K1/K2/K6 – gutes Hören auf allen Plätzen außer erste und letzte Reihe, siehe Programm in Link;ja (außer Konzerte);nan;Webseite;06. April 2026;nein;53.583301;10.022172;
T012;Operettenhaus;musical;;Spielbudenplatz 3;20359;St. Pauli;Hamburg-Mitte;https://www.stage-entertainment.de/theatervermietung/stage-operettenhaus-hamburg;induktion;Kopfhörer und Halsschleifen zum Ausleihen;GdB70;nan;Bund der Schwerhörigen e.V. https://www.glvhh.de/unsere-angebote/technik-hilfsmittel/anlagenverzeichnis/;01. Mai 2020;nein;53.549433;9.966551;
T013;Theater im Hafen;musical;;Rohrweg 13;20457;HafenCity;Hamburg-Mitte;https://www.stage-entertainment.de/theatervermietung/stage-theater-im-hafen-hamburg;funk;Kopfhörer an der Kasse erhältlich;GdB70;nan;Bund der Schwerhörigen e.V. https://www.glvhh.de/unsere-angebote/technik-hilfsmittel/anlagenverzeichnis/;01. Mai 2020;nein;53.539894;9.973248;
T014;Neue Flora;musical;;Stresemannstraße 159a;22769;Altona-Nord;Altona;https://www.stage-entertainment.de/theatervermietung/stage-theater-neue-flora-hamburg;funk;Funkempfänger und Hörschleifen zum Ausleihen;GdB70;nan;Bund der Schwerhörigen e.V. https://www.glvhh.de/unsere-angebote/technik-hilfsmittel/anlagenverzeichnis/;01. Mai 2020;nein;53.562623;9.950301;
K001;Elbphilharmonie;konzerthaus;;Platz der Deutschen Einheit 4;20457;HafenCity;Hamburg-Mitte;https://www.elbphilharmonie.de/de/barrierefreiheit;induktion;Großer Saal: in den Bereichen E, I und K Induktion kleiner Saal: Kopfhörer;ja;nan;Bund der Schwerhörigen e.V. https://www.glvhh.de/unsere-angebote/technik-hilfsmittel/anlagenverzeichnis/;01. Mai 2020;nein;53.54115;9.985377;
O001;Hamburgische Staatsoper;oper;;Große Theaterstraße 25;20354;Neustadt;Hamburg-Mitte;https://www.die-hamburgische-staatsoper.de/de/service/ihr-besuch#barrierefreiheit;infrarot;Kopfhörer;Gdb80;nan;Bund der Schwerhörigen e.V. https://www.glvhh.de/unsere-angebote/technik-hilfsmittel/anlagenverzeichnis/;01. Mai 2020;nein;53.556675;9.98893;
C001;Abaton;kino;;Allendeplatz 1;20146;Rotherbaum;Eimsbüttel;https://www.abaton.de/!Service;untertitel;Filme mit UT können bestellt werden mit Email an office@abatonkino.de oder Tel an 41 320 330;ja;nan;Webseite;06. April 2026;nein;53.567247;9.982254;
C002;Alabama;kino;;Jarrestraße 20;22303;Winterhude;Hamburg-Nord;https://alabama-kino.com/;untertitel;Filme in OmU immer mittwochs;ja;nan;Webseite;06. April 2026;nein;53.583301;10.022172;
C003;Magazin;kino;;Fiefstücken 8a;22299;Winterhude;Hamburg-Nord;https://www.magazinfilmkunst.de/preise-und-vorbestellungen/;untertitel;Siehe Programmhinweis;nein;nan;Bund der Schwerhörigen e.V. https://www.glvhh.de/unsere-angebote/technik-hilfsmittel/anlagenverzeichnis/;20. Mai 2026;nein;53.599733;10.004016;
C004;Passage;kino;;Mönckebergstraße 17;20095;Altstadt;Hamburg-Mitte;https://www.das-passage.de/index.php/PID/5828.html;untertitel;Siehe Programmhinweis;nein;nan;Webseite;06. April 2026;nein;53.550486;9.998382;
C005;Metropolis;kino;;Kleine Theaterstraße 10;;;;;untertitel;Siehe Programmhinweis;;;Bund der Schwerhörigen e.V. https://www.glvhh.de/unsere-angebote/technik-hilfsmittel/anlagenverzeichnis/;20. Mai 2026;nein;53.55627;9.9889;
C006;Zeise-Kino;kino;;Friedensallee 7-9;;;;;untertitel;Siehe Programmhinweis;;;Bund der Schwerhörigen e.V. https://www.glvhh.de/unsere-angebote/technik-hilfsmittel/anlagenverzeichnis/;20. Mai 2026;nein;53.554266;9.926782;
C007;3001 Kino;kino;;Schanzenstraße 75;;;;;untertitel;Siehe Programmhinweis;;;Bund der Schwerhörigen e.V. https://www.glvhh.de/unsere-angebote/technik-hilfsmittel/anlagenverzeichnis/;20. Mai 2026;nein;53.562245;9.965328;
C008;Open-Air Sommerkino Alsterdorfer Markt;kino;;Alsterdorfer Markt;;;;;untertitel;;;;;;nein;53.612737;10.024837;
M001;Gedenkstätte Neuengamme;gedenkstaette;;Jean-Doldierweg 75;;;;;induktion;Audioguide und Hörschleifen zum Ausleihen;;;Bund der Schwerhörigen e.V. https://www.glvhh.de/unsere-angebote/technik-hilfsmittel/anlagenverzeichnis/;20. Mai 2026;nein;53.430775;10.232249;
M002;KörberForum;veranstaltungszentrum;;Kehrwieder 12;;;;;induktion, rogeron_mitbringen;Nur im vorderen Bereich;;;Bund der Schwerhörigen e.V. https://www.glvhh.de/unsere-angebote/technik-hilfsmittel/anlagenverzeichnis/;20. Mai 2026;nein;53.543458;9.984135;
M003;Literaturhaus;veranstaltungszentrum;;Schwanenwik 38;;;;;mobile_connect;Eigenes Smartphone oder iPod zum Ausleihen;;;;;nein;53.568169;10.016776;
M004;NDR Rolf-Liebermann-Studio;veranstaltungszentrum;;Oberstraße 120;;;;;induktion;Reihen B–F linke Seite mit Kennzeichnung;;;Bund der Schwerhörigen e.V. https://www.glvhh.de/unsere-angebote/technik-hilfsmittel/anlagenverzeichnis/;20. Mai 2026;nein;53.577159;9.991192;
M005;Panoptikum;museum;;Spielbudenplatz 29-30;;;;;audioguide;;;;Bund der Schwerhörigen e.V. https://www.glvhh.de/unsere-angebote/technik-hilfsmittel/anlagenverzeichnis/;20. Mai 2026;nein;53.549101;9.962988;
M006;Planetarium;planetarium;;Hindenburgstraße 1b;;;;;induktion;Oder Empfänger und Halsringschleifen zum Ausleihen;;;Bund der Schwerhörigen e.V. https://www.glvhh.de/unsere-angebote/technik-hilfsmittel/anlagenverzeichnis/;20. Mai 2026;nein;53.59951;10.013782;
M007;Zentralbibliothek;bibliothek;;Hühnerposten 1;;;;;induktion;Im Veranstaltungssaal;;;Bund der Schwerhörigen e.V. https://www.glvhh.de/unsere-angebote/technik-hilfsmittel/anlagenverzeichnis/;20. Mai 2026;nein;53.549712;10.00832;
M008;Patriotische Gesellschaft von 1765;veranstaltungszentrum;;Trostbrücke 4-6;;;;;induktion;Im Veranstaltungssaal;;;;;nein;53.548131;9.992258;
M009;Hamburger Kunsthalle;museum;;Glockengießerwall 1;;;;;induktion;In den Vortragsräumen;;;;;nein;53.552931;10.00467;
M010;Deichtorhallen;museum;;Deichstraße 1-2;;;;;induktion;Hörschleifen zum Ausleihen;;;;;nein;53.546647;9.987929;
M011;Polizeimuseum;museum;;Carl-Cohnstraße 39;;;;;induktion;Audioguide und Hörschleifen zum Ausleihen;;;Bund der Schwerhörigen e.V. https://www.glvhh.de/unsere-angebote/technik-hilfsmittel/h%C3%B6ranlagenverzeichnis/;20. Mai 2026;nein;53.603102;10.006062;
B001;Hamburger Rathaus – Plenarsaal;behoerde;rathaus;Rathausmarkt 1;;;;;induktion;Läuft immer bei Bürgerschaftssitzungen und Veranstaltungen;;;Bund der Schwerhörigen e.V. https://www.glvhh.de/unsere-angebote/technik-hilfsmittel/h%C3%B6ranlagenverzeichnis/;20. Mai 2026;nein;53.550329;9.9925;
B002;Hamburger Rathaus – Großer Festsaal;behoerde;rathaus;Rathausmarkt 1;;;;;induktion;;;;Bund der Schwerhörigen e.V. https://www.glvhh.de/unsere-angebote/technik-hilfsmittel/h%C3%B6ranlagenverzeichnis/;20. Mai 2026;nein;53.550329;9.992566;
B003;Hamburger Rathaus – Bürgermeistersaal;behoerde;rathaus;Rathausmarkt 1;;;;;induktion;;;;Bund der Schwerhörigen e.V. https://www.glvhh.de/unsere-angebote/technik-hilfsmittel/h%C3%B6ranlagenverzeichnis/;20. Mai 2026;nein;53.550329;9.992566;
B004;Hamburger Rathaus – Kaisersaal;behoerde;rathaus;Rathausmarkt 1;;;;;induktion;Läuft bei Bedarf;;;Bund der Schwerhörigen e.V. https://www.glvhh.de/unsere-angebote/technik-hilfsmittel/h%C3%B6ranlagenverzeichnis/;20. Mai 2026;nein;53.550329;9.992566;
B005;Rathaus Wandsbek – Bürgersaal;behoerde;bezirksamt;Am Alten Posthaus 4;;Wandsbek;Wandsbek;;induktion;;;;Bund der Schwerhörigen e.V. https://www.glvhh.de/unsere-angebote/technik-hilfsmittel/h%C3%B6ranlagenverzeichnis/;20. Mai 2026;nein;53.571149;10.070548;
B006;Bezirksamt Hamburg-Nord – Sitzungssaal;behoerde;bezirksamt;Robert-Koch-Straße 17;;Hamburg-Nord;Hamburg-Nord;;induktion;;;;Bund der Schwerhörigen e.V. https://www.glvhh.de/unsere-angebote/technik-hilfsmittel/h%C3%B6ranlagenverzeichnis/;20. Mai 2026;nein;53.588877;9.984602;
E001;Universität Hamburg – FB Erziehungswissenschaft;bildung;universitaet;Von-Melle-Park 8;;;;;induktion;Hörsaal EG – Anlage funktioniert derzeit nicht;;;Bund der Schwerhörigen e.V. https://www.glvhh.de/unsere-angebote/technik-hilfsmittel/h%C3%B6ranlagenverzeichnis/;20. Mai 2026;nein;53.56734757770852;9.984442678371511;
E002;Universität Hamburg – Department Wirtschaft und Politik;bildung;universitaet;Von-Melle-Park 9;;;;;induktion;Hörsaal EG – Anlage ausgewiesen;;;Bund der Schwerhörigen e.V. https://www.glvhh.de/unsere-angebote/technik-hilfsmittel/h%C3%B6ranlagenverzeichnis/;20. Mai 2026;nein;53.566352593491594;9.983597176820982;
E003;Universität Hamburg – Auditorium Maximum;bildung;universitaet;Von-Melle-Park 4;;;;;induktion;Audimax 1 – Anlage funktioniert derzeit nicht;;;Bund der Schwerhörigen e.V. https://www.glvhh.de/unsere-angebote/technik-hilfsmittel/h%C3%B6ranlagenverzeichnis/;20. Mai 2026;nein;53.56654976455939;9.985541406103406;
E004;Universität Hamburg – Hauptgebäude Kuppelbau;bildung;universitaet;Edmund-Siemers-Allee 1;;;;;induktion;Hörsaal B ausgewiesen;;;;;nein;53.563192743325075;9.988538966538044;
E005;Universität Hamburg – Fakultät Rechtswissenschaft;bildung;universitaet;Schlüterstraße 28;;;;;induktion;Anlage funktioniert derzeit nicht;;;Bund der Schwerhörigen e.V. https://www.glvhh.de/unsere-angebote/technik-hilfsmittel/h%C3%B6ranlagenverzeichnis/;20. Mai 2026;nein;53.56735596363275;9.986941366631433;
E006;Elbschule Bildungszentrum Hören und Kommunikation;bildung;schule;Holmbrook 20;;;;;induktion;Aula und Seminarraum (ganzer Raum);;;Bund der Schwerhörigen e.V. https://www.glvhh.de/unsere-angebote/technik-hilfsmittel/h%C3%B6ranlagenverzeichnis/;20. Mai 2026;nein;53.55293;9.899824;
E007;Bugenhagenschule;bildung;schule;Alsterdorfer Straße 506;;;;;induktion;Barakiel-Sporthalle im Tribünenbereich (alle drei Tribünen);;;Bund der Schwerhörigen e.V. https://www.glvhh.de/unsere-angebote/technik-hilfsmittel/h%C3%B6ranlagenverzeichnis/;20. Mai 2026;nein;53.616707;10.028181;
E008;Katholische Akademie;bildung;akademie;Herrengraben 4;;;;;induktion;Auditorium (ganzer Zuhörerbereich);;;Bund der Schwerhörigen e.V. https://www.glvhh.de/unsere-angebote/technik-hilfsmittel/h%C3%B6ranlagenverzeichnis/;20. Mai 2026;nein;53.548874;9.983478;
E009;Informatikum – Konrad-Zuse-Hörsaal;bildung;universitaet;Vogt-Kölln-Straße 30;;;;;induktion;Ganzer Raum;;;Bund der Schwerhörigen e.V. https://www.glvhh.de/unsere-angebote/technik-hilfsmittel/h%C3%B6ranlagenverzeichnis/;20. Mai 2026;nein;53.600135;9.934041;
KI001;Hauptkirche St. Petri;kirche;;Bei der Petrikirche 2;20095;Altstadt;Hamburg-Mitte;;induktion;Nur Mittelschiff;;ev;Bund der Schwerhörigen e.V. https://www.glvhh.de/unsere-angebote/technik-hilfsmittel/h%C3%B6ranlagenverzeichnis/;20. Mai 2026;nein;53.550343;9.99673;
KI002;Hauptkirche St. Jacobi;kirche;;Jacobikirchhof 22;20095;Altstadt;Hamburg-Mitte;;induktion;Linker Bankblock;;;;;nein;53.550357;10.000741;
KI003;St. Marien-Dom;kirche;;Am Mariendom 1;20099;St. Georg;Hamburg-Mitte;;induktion;;;rk;Bund der Schwerhörigen e.V. https://www.glvhh.de/unsere-angebote/technik-hilfsmittel/h%C3%B6ranlagenverzeichnis/;20. Mai 2026;nein;53.557591;10.013584;
KI004;St.-Georgs-Kirche;kirche;;St. Georgs Kirchhof 19;20099;St. Georg;Hamburg-Mitte;;keine;In Reparatur;;ev;Bund der Schwerhörigen e.V. https://www.glvhh.de/unsere-angebote/technik-hilfsmittel/h%C3%B6ranlagenverzeichnis/;20. Mai 2026;nein;53.556925;10.007491;
KI005;Hauptkirche St. Katharinen;kirche;;Katharinenkirchhof 1;20457;HafenCity;Hamburg-Mitte;;induktion;Linker Bankblock – in Reparatur;;ev;Bund der Schwerhörigen e.V. https://www.glvhh.de/unsere-angebote/technik-hilfsmittel/h%C3%B6ranlagenverzeichnis/;20. Mai 2026;nein;53.545959;9.99445;
KI006;Hauptkirche St. Michaelis;kirche;;Englische Planke 1;20459;Neustadt;Hamburg-Mitte;;induktion;Rechte Seite Reihe 4–26;;ev;Bund der Schwerhörigen e.V. https://www.glvhh.de/unsere-angebote/technik-hilfsmittel/h%C3%B6ranlagenverzeichnis/;20. Mai 2026;nein;53.548874;9.978248;
KI007;Kleiner Michel;kirche;;Michaelisstraße 5;20459;Neustadt;Hamburg-Mitte;;induktion;Linke Seite Reihe 1–4;;rk;Bund der Schwerhörigen e.V. https://www.glvhh.de/unsere-angebote/technik-hilfsmittel/h%C3%B6ranlagenverzeichnis/;20. Mai 2026;nein;53.549119;9.983044;
KI008;Neuapostolische Kirche Borgfelde;kirche;;Alfredstraße 60-62;20535;Borgfelde;Hamburg-Mitte;;funk;Ganze Kirche;;fk;Bund der Schwerhörigen e.V. https://www.glvhh.de/unsere-angebote/technik-hilfsmittel/h%C3%B6ranlagenverzeichnis/;20. Mai 2026;nein;53.556547;10.033195;
KI009;Dreifaltigkeitskirche;kirche;;Horner Weg 2;20535;Hamm;Hamburg-Mitte;;keine;In Reparatur;;ev;Bund der Schwerhörigen e.V. https://www.glvhh.de/unsere-angebote/technik-hilfsmittel/h%C3%B6ranlagenverzeichnis/;20. Mai 2026;nein;53.555881;10.056805;
KI010;Wichernkirche;kirche;;Wichernsweg 16;20537;Hamm;Hamburg-Mitte;;induktion;Reihe 1–6;;ev;Bund der Schwerhörigen e.V. https://www.glvhh.de/unsere-angebote/technik-hilfsmittel/h%C3%B6ranlagenverzeichnis/;20. Mai 2026;nein;53.553037;10.063883;
KI011;Kreuzkirche Kirchdorf;kirche;;Kirchdorfer Straße 168;21109;Wilhelmsburg;Hamburg-Mitte;;keine;In Reparatur;;ev;Bund der Schwerhörigen e.V. https://www.glvhh.de/unsere-angebote/technik-hilfsmittel/h%C3%B6ranlagenverzeichnis/;20. Mai 2026;nein;53.487237;10.016047;
KI012;St. Raphaelkirche;kirche;;Wehrmannstraße 9;21109;Wilhelmsburg;Hamburg-Mitte;;induktion;Ganze Kirche;;ev;Bund der Schwerhörigen e.V. https://www.glvhh.de/unsere-angebote/technik-hilfsmittel/h%C3%B6ranlagenverzeichnis/;20. Mai 2026;nein;53.500698;10.010486;
KI013;Neuapostolische Kirche Finkenwerder;kirche;;Norderkirchenweg 57;21129;Finkenwerder;Hamburg-Mitte;;funk;Ganze Kirche;;fk;Bund der Schwerhörigen e.V. https://www.glvhh.de/unsere-angebote/technik-hilfsmittel/h%C3%B6ranlagenverzeichnis/;20. Mai 2026;nein;53.530368;9.864416;
KI014;Martinskirche Horn;kirche;;Bei der Martinskirche 2;22111;Horn;Hamburg-Mitte;;funk;Kinnbügelkopfhörer vorhanden;;ev;Bund der Schwerhörigen e.V. https://www.glvhh.de/unsere-angebote/technik-hilfsmittel/h%C3%B6ranlagenverzeichnis/;20. Mai 2026;nein;53.55014;10.081873;
KI015;Steinbeker Kirche;kirche;;Steinbeker Berg 1-3;22115;Billstedt;Hamburg-Mitte;;induktion;Ganze Kirche;;fk;Bund der Schwerhörigen e.V. https://www.glvhh.de/unsere-angebote/technik-hilfsmittel/h%C3%B6ranlagenverzeichnis/;20. Mai 2026;nein;53.530538;10.127873;
KI016;Philippuskirche;kirche;;Manshardtstraße 105b;22119;Horn;Hamburg-Mitte;;keine;In Reparatur;;ev;Bund der Schwerhörigen e.V. https://www.glvhh.de/unsere-angebote/technik-hilfsmittel/h%C3%B6ranlagenverzeichnis/;20. Mai 2026;nein;53.558914;10.104135;
KI017;Friedenskirche Altona;kirche;;Otzenstraße 19;22767;St. Pauli;Hamburg-Mitte;;keine;In Reparatur;;ev;Bund der Schwerhörigen e.V. https://www.glvhh.de/unsere-angebote/technik-hilfsmittel/h%C3%B6ranlagenverzeichnis/;20. Mai 2026;nein;53.55565;9.959368;
KI018;Zum guten Hirten;kirche;;Försterweg 12;22525;Bahrenfeld;Altona;;induktion;;;ev;Bund der Schwerhörigen e.V. https://www.glvhh.de/unsere-angebote/technik-hilfsmittel/h%C3%B6ranlagenverzeichnis/;20. Mai 2026;nein;53.580108;9.932003;
KI019;Evangelische Freikirche Torstraße;kirche;;Torstraße 3;22525;Bahrenfeld;Altona;;funk;Ganze Kirche;;;;;nein;53.576383;9.937042;
KI020;Kirche Zu den 12 Aposteln;kirche;;Elbgaustraße 140;22547;Lurup;Altona;;induktion;5 Reihen vorne;;ev;Bund der Schwerhörigen e.V. https://www.glvhh.de/unsere-angebote/technik-hilfsmittel/h%C3%B6ranlagenverzeichnis/;20. Mai 2026;nein;53.599675;9.886941;
KI021;Auferstehungskirche Lurup;kirche;;Flurstraße 3;22549;Lurup;Altona;;keine;In Reparatur;;ev;Bund der Schwerhörigen e.V. https://www.glvhh.de/unsere-angebote/technik-hilfsmittel/h%C3%B6ranlagenverzeichnis/;20. Mai 2026;nein;53.592151;9.870245;
KI022;Neuapostolische Kirche Lurup;kirche;;Rugenbarg 238-240;22549;Lurup;Altona;;funk;Ganze Kirche;;fk;Bund der Schwerhörigen e.V. https://www.glvhh.de/unsere-angebote/technik-hilfsmittel/h%C3%B6ranlagenverzeichnis/;20. Mai 2026;nein;53.577866;9.848495;
KI023;Neuapostolische Kirche Blankenese;kirche;;Godeffroystraße 13;22587;Blankenese;Altona;;funk;Ganze Kirche;;fk;Bund der Schwerhörigen e.V. https://www.glvhh.de/unsere-angebote/technik-hilfsmittel/h%C3%B6ranlagenverzeichnis/;20. Mai 2026;nein;53.561628;9.816334;
KI024;Blankeneser Kirche;kirche;;Mühlenberger Weg 66;22587;Blankenese;Altona;;funk;Alles bis auf die letzten vier Reihen;;ev;Bund der Schwerhörigen e.V. https://www.glvhh.de/unsere-angebote/technik-hilfsmittel/h%C3%B6ranlagenverzeichnis/;20. Mai 2026;nein;53.561831;9.812956;
KI025;Maria Grün;kirche;;Schenefelder Landstraße 3;22587;Blankenese;Altona;;induktion;Ganze Kirche;;rk;Bund der Schwerhörigen e.V. https://www.glvhh.de/unsere-angebote/technik-hilfsmittel/h%C3%B6ranlagenverzeichnis/;20. Mai 2026;nein;53.561566;9.823592;
KI026;Martin-Luther-Kirche Iserbrook;kirche;;Schenefelder Landstraße 202;22589;Iserbrook;Altona;;induktion;Ganze Kirche;;ev;Bund der Schwerhörigen e.V. https://www.glvhh.de/unsere-angebote/technik-hilfsmittel/h%C3%B6ranlagenverzeichnis/;20. Mai 2026;nein;53.577327;9.824103;
KI027;St. Michaelskirche Sülldorf;kirche;;Sülldorfer Kirchenweg 187;22589;Sülldorf;Altona;;induktion;Ganze Kirche;;ev;Bund der Schwerhörigen e.V. https://www.glvhh.de/unsere-angebote/technik-hilfsmittel/h%C3%B6ranlagenverzeichnis/;20. Mai 2026;nein;53.578933;9.797828;
KI028;Neuapostolische Kirche Iserbrook;kirche;;Sülldorfer Landstraße 20;22589;Iserbrook;Altona;;funk;Ganze Kirche;;fk;Bund der Schwerhörigen e.V. https://www.glvhh.de/unsere-angebote/technik-hilfsmittel/h%C3%B6ranlagenverzeichnis/;20. Mai 2026;nein;53.577328;9.819818;
KI029;Christuskirche Othmarschen;kirche;;Roosens Weg 28;22605;Othmarschen;Altona;;induktion;Ganze Kirche;;ev;Bund der Schwerhörigen e.V. https://www.glvhh.de/unsere-angebote/technik-hilfsmittel/h%C3%B6ranlagenverzeichnis/;20. Mai 2026;nein;53.553242;9.892345;
KI030;Groß Flottbeker Kirche;kirche;;Bei der Flottbeker Kirche 2;22607;Groß Flottbek;Altona;;induktion;Ganze Kirche;;ev;Bund der Schwerhörigen e.V. https://www.glvhh.de/unsere-angebote/technik-hilfsmittel/h%C3%B6ranlagenverzeichnis/;20. Mai 2026;nein;53.565888;9.87733;
KI031;Melanchthonkirche;kirche;;Ebertallee 30;22607;Groß Flottbek;Altona;;induktion;Ganze Kirche;;ev;Bund der Schwerhörigen e.V. https://www.glvhh.de/unsere-angebote/technik-hilfsmittel/h%C3%B6ranlagenverzeichnis/;20. Mai 2026;nein;53.565463;9.888167;
KI032;Nienstedtener Kirche;kirche;;Elbchaussee 410;22609;Nienstedten;Altona;;induktion;Ganze Kirche;;ev;Bund der Schwerhörigen e.V. https://www.glvhh.de/unsere-angebote/technik-hilfsmittel/h%C3%B6ranlagenverzeichnis/;20. Mai 2026;nein;53.55139;9.842708;
KI033;Paul-Gerhardt-Kirche Bahrenfeld;kirche;;Bei der Paul-Gerhardt-Kirche 2;22761;Bahrenfeld;Altona;;induktion;Linker Bankblock;;ev;Bund der Schwerhörigen e.V. https://www.glvhh.de/unsere-angebote/technik-hilfsmittel/h%C3%B6ranlagenverzeichnis/;20. Mai 2026;nein;53.561807;9.921997;
KI034;Lutherkirche Bahrenfeld;kirche;;Lutherhöhe 22;22761;Bahrenfeld;Altona;;induktion;Ganze Kirche;;ev;Bund der Schwerhörigen e.V. https://www.glvhh.de/unsere-angebote/technik-hilfsmittel/h%C3%B6ranlagenverzeichnis/;20. Mai 2026;nein;53.570822;9.905137;
KI035;St. Marien Altona;kirche;;Bei der Reitbahn 4;22763;Ottensen;Altona;;induktion;Ganze Kirche;;rk;Bund der Schwerhörigen e.V. https://www.glvhh.de/unsere-angebote/technik-hilfsmittel/h%C3%B6ranlagenverzeichnis/;20. Mai 2026;nein;53.55124;9.92484;
KI036;Christianskirche;kirche;;Klopstockplatz;22765;Ottensen;Altona;;induktion;Vorn links 6 Reihen und Seite;;ev;Bund der Schwerhörigen e.V. https://www.glvhh.de/unsere-angebote/technik-hilfsmittel/h%C3%B6ranlagenverzeichnis/;20. Mai 2026;nein;53.547305;9.931944;
KI037;St. Johannis Kulturkirche Altona;kirche;;Bei der Johanniskirche 16;22767;Altona-Altstadt;Altona;;keine;In Reparatur;;ev;Bund der Schwerhörigen e.V. https://www.glvhh.de/unsere-angebote/technik-hilfsmittel/h%C3%B6ranlagenverzeichnis/;20. Mai 2026;nein;53.560013;9.954136;
KI038;St. Trinitatis Altona;kirche;;Kirchenstraße 40;22767;Altona-Altstadt;Altona;;induktion;Ganze Kirche;;ev;Bund der Schwerhörigen e.V. https://www.glvhh.de/unsere-angebote/technik-hilfsmittel/h%C3%B6ranlagenverzeichnis/;20. Mai 2026;nein;53.548614;9.950039;
KI039;Ev.-reform. Kirche Altona;kirche;;Palmaille 2;22767;Altona-Altstadt;Altona;;induktion;Linke Seite;;;;;nein;53.546575;9.945211;
KI040;St. Johannis-Harvestehude;kirche;;Heimhuder Straße 92;20148;Rotherbaum;Eimsbüttel;;funk;Ganze Kirche;;ev;Bund der Schwerhörigen e.V. https://www.glvhh.de/unsere-angebote/technik-hilfsmittel/h%C3%B6ranlagenverzeichnis/;20. Mai 2026;nein;53.570928;9.993491;
KI041;Hauptkirche St. Nikolai;kirche;;Harvestehuder Weg 118;20149;Harvestehude;Eimsbüttel;;induktion;1.–10. Reihe;;;;;nein;53.581139;9.990324;
KI042;St. Elisabeth;kirche;;Oberstraße 67;20149;Harvestehude;Eimsbüttel;;induktion;Ganze Kirche;;rk;Bund der Schwerhörigen e.V. https://www.glvhh.de/unsere-angebote/technik-hilfsmittel/h%C3%B6ranlagenverzeichnis/;20. Mai 2026;nein;53.577917;9.985331;
KI043;Neuapostolische Kirche Eimsbüttel;kirche;;Am Weiher 2;20255;Eimsbüttel;Eimsbüttel;;funk;Ganze Kirche;;fk;Bund der Schwerhörigen e.V. https://www.glvhh.de/unsere-angebote/technik-hilfsmittel/h%C3%B6ranlagenverzeichnis/;20. Mai 2026;nein;53.577061;9.95976;
KI044;Kreuzkirche Eimsbüttel;kirche;;Tresckowstraße 7;20259;Eimsbüttel;Eimsbüttel;;induktion;Ganze Kirche;;fk;Bund der Schwerhörigen e.V. https://www.glvhh.de/unsere-angebote/technik-hilfsmittel/h%C3%B6ranlagenverzeichnis/;20. Mai 2026;nein;53.57426;9.962608;
KI045;Verheißungskirche;kirche;;Sachsenweg 2;22455;Niendorf;Eimsbüttel;;induktion;3. + 4. Reihe rechts;;ev;Bund der Schwerhörigen e.V. https://www.glvhh.de/unsere-angebote/technik-hilfsmittel/h%C3%B6ranlagenverzeichnis/;20. Mai 2026;nein;53.635221;9.957876;
KI046;FeG Hamburg-Schnelsen Krankenhaus;kirche;;Hogenfelder Straße 28;22457;Schnelsen;Eimsbüttel;;induktion;Mittlerer Bereich;;fk;Bund der Schwerhörigen e.V. https://www.glvhh.de/unsere-angebote/technik-hilfsmittel/h%C3%B6ranlagenverzeichnis/;20. Mai 2026;nein;53.630512;9.904587;
KI047;FeG Hamburg-Schnelsen Albertinenhaus;kirche;;Sellhopsweg 18-22;22459;Schnelsen;Eimsbüttel;;induktion;Ganze Kirche;;fk;Bund der Schwerhörigen e.V. https://www.glvhh.de/unsere-angebote/technik-hilfsmittel/h%C3%B6ranlagenverzeichnis/;20. Mai 2026;nein;53.627532;9.927979;
KI048;FeG Hamburg-Niendorf;kirche;;Bondenwald 58;22459;Niendorf;Eimsbüttel;;funk;Kopfhörer vorhanden;;;;;nein;53.618463;9.939758;
KI049;St. Ansgar;kirche;;Niendorfer Kirchenweg 18;22459;Niendorf;Eimsbüttel;;induktion;Rechte Seite;;rk;Bund der Schwerhörigen e.V. https://www.glvhh.de/unsere-angebote/technik-hilfsmittel/h%C3%B6ranlagenverzeichnis/;20. Mai 2026;nein;53.620315;9.94954;
KI050;Kirche am Markt Niendorf;kirche;;Niendorfer Marktplatz 3a;22459;Niendorf;Eimsbüttel;;induktion;Rechte Seite;;ev;Bund der Schwerhörigen e.V. https://www.glvhh.de/unsere-angebote/technik-hilfsmittel/h%C3%B6ranlagenverzeichnis/;20. Mai 2026;nein;53.617511;9.953866;
KI051;Neuapostolische Kirche Eidelstedt;kirche;;Lohkampstraße 71;22523;Eidelstedt;Eimsbüttel;;funk;Ganze Kirche;;fk;Bund der Schwerhörigen e.V. https://www.glvhh.de/unsere-angebote/technik-hilfsmittel/h%C3%B6ranlagenverzeichnis/;20. Mai 2026;nein;53.610626;9.896014;
KI052;Stellinger Kirche;kirche;;Molkenbuhrstraße 6;22525;Stellingen;Eimsbüttel;;induktion;Ganze Kirche;;ev;Bund der Schwerhörigen e.V. https://www.glvhh.de/unsere-angebote/technik-hilfsmittel/h%C3%B6ranlagenverzeichnis/;20. Mai 2026;nein;53.590154;9.925345;
KI053;Elisabethkirche Eidelstedt;kirche;;Eidelstedter Dorfstraße 27;22527;Eidelstedt;Eimsbüttel;;induktion;Ganze Kirche;;ev;Bund der Schwerhörigen e.V. https://www.glvhh.de/unsere-angebote/technik-hilfsmittel/h%C3%B6ranlagenverzeichnis/;20. Mai 2026;nein;53.607633;9.909607;
KI054;Christ-König-Kirche;kirche;;Bei der Lutherbuche 36;22529;Lokstedt;Eimsbüttel;;induktion;Letzte 6 Kirchenbänke beide Seiten;;ev;Bund der Schwerhörigen e.V. https://www.glvhh.de/unsere-angebote/technik-hilfsmittel/h%C3%B6ranlagenverzeichnis/;20. Mai 2026;nein;53.597531;9.959921;
KI055;FeG Hamburg-Lokstedt;kirche;;Emil-Andresen-Straße 34a;22529;Lokstedt;Eimsbüttel;;induktion;Ganze Kirche;;fk;Bund der Schwerhörigen e.V. https://www.glvhh.de/unsere-angebote/technik-hilfsmittel/h%C3%B6ranlagenverzeichnis/;20. Mai 2026;nein;53.594825;9.953595;
KI056;Neuapostolische Kirche Eppendorf;kirche;;Abendrothsweg 20;20251;Eppendorf;Hamburg-Nord;;funk;Ganze Kirche;;fk;Bund der Schwerhörigen e.V. https://www.glvhh.de/unsere-angebote/technik-hilfsmittel/h%C3%B6ranlagenverzeichnis/;20. Mai 2026;nein;53.585808;9.978511;
KI057;St. Markus-Kirche;kirche;;Heider Straße 1;20251;Hoheluft-Ost;Hamburg-Nord;;induktion;Ganze Kirche;;ev;Bund der Schwerhörigen e.V. https://www.glvhh.de/unsere-angebote/technik-hilfsmittel/h%C3%B6ranlagenverzeichnis/;20. Mai 2026;nein;53.582014;9.97345;
KI058;St. Martinus-Kirche;kirche;;Martinistraße 33;20251;Eppendorf;Hamburg-Nord;;induktion;Ganze Kirche;;ev;Bund der Schwerhörigen e.V. https://www.glvhh.de/unsere-angebote/technik-hilfsmittel/h%C3%B6ranlagenverzeichnis/;20. Mai 2026;nein;53.591692;9.982958;
KI059;St. Sophien;kirche;;Weidestraße 53;22083;Barmbek-Süd;Hamburg-Nord;;induktion;Rechte Seite;;rk;Bund der Schwerhörigen e.V. https://www.glvhh.de/unsere-angebote/technik-hilfsmittel/h%C3%B6ranlagenverzeichnis/;20. Mai 2026;nein;53.579673;10.034703;
KI060;St. Gertrud;kirche;;Immenhof 10;22087;Uhlenhorst;Hamburg-Nord;;funk;Kinnbügelkopfhörer vorhanden;;ev;Bund der Schwerhörigen e.V. https://www.glvhh.de/unsere-angebote/technik-hilfsmittel/h%C3%B6ranlagenverzeichnis/;20. Mai 2026;nein;53.567177;10.026676;
KI061;Zionskirche der SELK;kirche;;Wandsbeker Stieg 29c;22087;Hohenfelde;Hamburg-Nord;;induktion;;;;;;nein;53.561803;10.02889;
KI062;Paul-Gerhardt-Kirche Winterhude;kirche;;Braamkamp 51;22297;Winterhude;Hamburg-Nord;;induktion;Ganze Kirche;;ev;Bund der Schwerhörigen e.V. https://www.glvhh.de/unsere-angebote/technik-hilfsmittel/h%C3%B6ranlagenverzeichnis/;20. Mai 2026;nein;53.600159;10.005204;
KI063;St. Antonius;kirche;;Alsterdorfer Straße 73-75;22299;Winterhude;Hamburg-Nord;;induktion;Ganze Kirche;;rk;Bund der Schwerhörigen e.V. https://www.glvhh.de/unsere-angebote/technik-hilfsmittel/h%C3%B6ranlagenverzeichnis/;20. Mai 2026;nein;53.599229;9.996739;
KI064;St. Franziskus;kirche;;Kranichweg 20;22305;Barmbek-Nord;Hamburg-Nord;;induktion;Ganze Kirche;;rk;Bund der Schwerhörigen e.V. https://www.glvhh.de/unsere-angebote/technik-hilfsmittel/h%C3%B6ranlagenverzeichnis/;20. Mai 2026;nein;53.584964;10.055715;
KI065;Neuapostolische Kirche Barmbek-Nord;kirche;;Schwalbenstraße 2;22305;Barmbek-Nord;Hamburg-Nord;;funk;Ganze Kirche;;fk;Bund der Schwerhörigen e.V. https://www.glvhh.de/unsere-angebote/technik-hilfsmittel/h%C3%B6ranlagenverzeichnis/;20. Mai 2026;nein;53.588873;10.047159;
KI066;Auferstehungskirche Barmbek;kirche;;Tieloh 22;22307;Barmbek-Nord;Hamburg-Nord;;induktion;Ganze Kirche;;;;;nein;53.591817;10.051897;
KI067;St. Lukas-Kirche Fuhlsbüttel;kirche;;Hummelsb. Kirchenweg 3;22335;Fuhlsbüttel;Hamburg-Nord;;induktion;Reihe 1–8 am besten;;ev;Bund der Schwerhörigen e.V. https://www.glvhh.de/unsere-angebote/technik-hilfsmittel/h%C3%B6ranlagenverzeichnis/;20. Mai 2026;nein;53.59192649480401;10.05185692;
KI068;St. Marien-Kirche Fuhlsbüttel;kirche;;Maienweg 270;22337;Fuhlsbüttel;Hamburg-Nord;;funk;2.+3. Reihe links;;ev;Bund der Schwerhörigen e.V. https://www.glvhh.de/unsere-angebote/technik-hilfsmittel/h%C3%B6ranlagenverzeichnis/;20. Mai 2026;nein;53.622161;10.026692;
KI069;Auferstehungskirche Fuhlsbüttel;kirche;;Rübenkamp 310;22337;Ohlsdorf;Hamburg-Nord;;induktion;Halber Raum linke Seite untere Kanzel;;fk;Bund der Schwerhörigen e.V. https://www.glvhh.de/unsere-angebote/technik-hilfsmittel/h%C3%B6ranlagenverzeichnis/;20. Mai 2026;nein;53.612719;10.032975;
KI070;Friedhof Ohlsdorf – Kapelle 10;kirche;friedhofskapelle;Cordesallee;22337;Ohlsdorf;Hamburg-Nord;;induktion;Ganze Kapelle;;oek;Bund der Schwerhörigen e.V. https://www.glvhh.de/unsere-angebote/technik-hilfsmittel/h%C3%B6ranlagenverzeichnis/;20. Mai 2026;nein;53.619784;10.04187;
KI071;Friedhof Ohlsdorf – Cordes-Halle;kirche;friedhofskapelle;Cordesallee;22337;Ohlsdorf;Hamburg-Nord;;induktion;Ganzer Raum;;oek;Bund der Schwerhörigen e.V. https://www.glvhh.de/unsere-angebote/technik-hilfsmittel/h%C3%B6ranlagenverzeichnis/;20. Mai 2026;nein;53.619784;10.04187;
KI072;Friedhof Ohlsdorf – Fritz-Schumacher-Halle;kirche;friedhofskapelle;Cordesallee;22337;Ohlsdorf;Hamburg-Nord;;induktion;Ganzer Raum;;oek;Bund der Schwerhörigen e.V. https://www.glvhh.de/unsere-angebote/technik-hilfsmittel/h%C3%B6ranlagenverzeichnis/;20. Mai 2026;nein;53.619784;10.04187;
KI073;Friedhof Ohlsdorf – Kapelle 12;kirche;friedhofskapelle;Lärchenallee;22337;Ohlsdorf;Hamburg-Nord;;induktion;Ganze Kapelle;;oek;Bund der Schwerhörigen e.V. https://www.glvhh.de/unsere-angebote/technik-hilfsmittel/h%C3%B6ranlagenverzeichnis/;20. Mai 2026;nein;53.622555;10.070368;
KI074;Friedhof Ohlsdorf – Linne-Halle;kirche;friedhofskapelle;Cordesallee;22337;Ohlsdorf;Hamburg-Nord;;induktion;Ganzer Raum;;oek;Bund der Schwerhörigen e.V. https://www.glvhh.de/unsere-angebote/technik-hilfsmittel/h%C3%B6ranlagenverzeichnis/;20. Mai 2026;nein;53.619784;10.04187;
KI075;Ansgarkirche Langenhorn;kirche;;Langenhorner Chaussee 266;22415;Langenhorn;Hamburg-Nord;;induktion;Ganze Kirche;;ev;Bund der Schwerhörigen e.V. https://www.glvhh.de/unsere-angebote/technik-hilfsmittel/h%C3%B6ranlagenverzeichnis/;20. Mai 2026;nein;53.652417;10.008333;
KI076;Heilige Familie Langenhorn;kirche;;Tannenweg 24;22415;Langenhorn;Hamburg-Nord;;induktion;Ganze Kirche;;rk;Bund der Schwerhörigen e.V. https://www.glvhh.de/unsere-angebote/technik-hilfsmittel/h%C3%B6ranlagenverzeichnis/;20. Mai 2026;nein;53.644708;10.01527;
KI077;Neuapostolische Kirche Langenhorn;kirche;;Wördenmoorweg 76;22415;Langenhorn;Hamburg-Nord;;funk;Ganze Kirche;;fk;Bund der Schwerhörigen e.V. https://www.glvhh.de/unsere-angebote/technik-hilfsmittel/h%C3%B6ranlagenverzeichnis/;20. Mai 2026;nein;53.652987;10.007741;
KI078;St.-Jürgen-Kirche;kirche;;Eichenkamp 10;22417;Langenhorn;Hamburg-Nord;;induktion;Ganze Kirche;;ev;Bund der Schwerhörigen e.V. https://www.glvhh.de/unsere-angebote/technik-hilfsmittel/h%C3%B6ranlagenverzeichnis/;20. Mai 2026;nein;53.679363;10.016329;
KI079;Zachäuskirche;kirche;;Käkenflur 22a;22419;Langenhorn;Hamburg-Nord;;induktion;Ganze Kirche;;ev;Bund der Schwerhörigen e.V. https://www.glvhh.de/unsere-angebote/technik-hilfsmittel/h%C3%B6ranlagenverzeichnis/;20. Mai 2026;nein;53.672036;9.998342;
KI080;St. Peter Groß Borstel;kirche;;Schrödersweg 5;22453;Groß Borstel;Hamburg-Nord;;induktion;Ganze Kirche;;ev;Bund der Schwerhörigen e.V. https://www.glvhh.de/unsere-angebote/technik-hilfsmittel/h%C3%B6ranlagenverzeichnis/;20. Mai 2026;nein;53.607399;9.976452;
KI081;St. Joseph Wandsbek;kirche;;Witthöfftstraße 1;22041;Wandsbek;Wandsbek;;induktion;Linkes Mittelschiff;;rk;Bund der Schwerhörigen e.V. https://www.glvhh.de/unsere-angebote/technik-hilfsmittel/h%C3%B6ranlagenverzeichnis/;20. Mai 2026;nein;53.573278;10.074426;
KI082;St. Stephan;kirche;;Stephanstraße 117;22047;Wandsbek;Wandsbek;;induktion;Rechte Hälfte;;ev;Bund der Schwerhörigen e.V. https://www.glvhh.de/unsere-angebote/technik-hilfsmittel/h%C3%B6ranlagenverzeichnis/;20. Mai 2026;nein;53.5903;10.08373;
KI083;Versöhnungskirche Eilbek;kirche;;Eilbektal 33;22089;Eilbek;Wandsbek;;funk;Ganze Kirche;;ev;Bund der Schwerhörigen e.V. https://www.glvhh.de/unsere-angebote/technik-hilfsmittel/h%C3%B6ranlagenverzeichnis/;20. Mai 2026;nein;53.572615;10.047998;
KI084;Martinskirche Rahlstedt;kirche;;Hohwachter Weg 2;22143;Rahlstedt;Wandsbek;;induktion;Ganze Kirche;;ev;Bund der Schwerhörigen e.V. https://www.glvhh.de/unsere-angebote/technik-hilfsmittel/h%C3%B6ranlagenverzeichnis/;20. Mai 2026;nein;53.606155;10.166687;
KI085;Neuapostolische Kirche Rahlstedt;kirche;;Wilhelm-Grimm-Straße 12;22143;Rahlstedt;Wandsbek;;funk;Ganze Kirche;;fk;Bund der Schwerhörigen e.V. https://www.glvhh.de/unsere-angebote/technik-hilfsmittel/h%C3%B6ranlagenverzeichnis/;20. Mai 2026;nein;53.600868;10.154481;
KI086;Matthias-Claudius-Kirche Rahlstedt;kirche;;Wolliner Straße 98;22143;Rahlstedt;Wandsbek;;induktion;Ganze Kirche;;ev;Bund der Schwerhörigen e.V. https://www.glvhh.de/unsere-angebote/technik-hilfsmittel/h%C3%B6ranlagenverzeichnis/;20. Mai 2026;nein;53.608734;10.140432;
KI087;Rogate-Kirche Meiendorf;kirche;;Wildschwanbrook 5;22145;Rahlstedt;Wandsbek;;induktion;Ganze Kirche;;ev;Bund der Schwerhörigen e.V. https://www.glvhh.de/unsere-angebote/technik-hilfsmittel/h%C3%B6ranlagenverzeichnis/;20. Mai 2026;nein;53.627181;10.169595;
KI088;Dietrich-Bonhoeffer-Kirche;kirche;;Greifenberger Straße 56;22147;Rahlstedt;Wandsbek;;induktion;Ganze Kirche;;ev;Bund der Schwerhörigen e.V. https://www.glvhh.de/unsere-angebote/technik-hilfsmittel/h%C3%B6ranlagenverzeichnis/;20. Mai 2026;nein;53.618011;10.141898;
KI089;Trinitatiskirche Hohenhorst;kirche;;Halenseering 6;22149;Rahlstedt;Wandsbek;;induktion;Rechte Seite;;ev;Bund der Schwerhörigen e.V. https://www.glvhh.de/unsere-angebote/technik-hilfsmittel/h%C3%B6ranlagenverzeichnis/;20. Mai 2026;nein;53.587535;10.147821;
KI090;Dankeskirche;kirche;;Kielkoppelstraße 51;22149;Rahlstedt;Wandsbek;;induktion;Ganze Kirche;;ev;Bund der Schwerhörigen e.V. https://www.glvhh.de/unsere-angebote/technik-hilfsmittel/h%C3%B6ranlagenverzeichnis/;20. Mai 2026;nein;53.589326;10.179912;
KI091;Alt-Rahlstedter Kirche;kirche;;Rahlstedter Straße 79;22149;Rahlstedt;Wandsbek;;induktion;Ganze Kirche;;ev;Bund der Schwerhörigen e.V. https://www.glvhh.de/unsere-angebote/technik-hilfsmittel/h%C3%B6ranlagenverzeichnis/;20. Mai 2026;nein;53.596737;10.152189;
KI092;Erlöserkirche Farmsen;kirche;;Bramfelder Weg 25b;22159;Farmsen-Berne;Wandsbek;;induktion;Ganze Kirche;;ev;Bund der Schwerhörigen e.V. https://www.glvhh.de/unsere-angebote/technik-hilfsmittel/h%C3%B6ranlagenverzeichnis/;20. Mai 2026;nein;53.607787;10.11047;
KI093;Friedenskirche Berne;kirche;;Lienaustraße 6;22159;Farmsen-Berne;Wandsbek;;induktion;Ganze Kirche;;ev;Bund der Schwerhörigen e.V. https://www.glvhh.de/unsere-angebote/technik-hilfsmittel/h%C3%B6ranlagenverzeichnis/;20. Mai 2026;nein;53.627753;10.123774;
KI094;Simeonkirche;kirche;;Am Stühm-Süd 83;22175;Bramfeld;Wandsbek;;induktion;Ganze Kirche;;ev;Bund der Schwerhörigen e.V. https://www.glvhh.de/unsere-angebote/technik-hilfsmittel/h%C3%B6ranlagenverzeichnis/;20. Mai 2026;nein;53.625128;10.097895;
KI095;St. Wilhelm;kirche;;Hohnerkamp 22;22175;Bramfeld;Wandsbek;;induktion;Kirchenmitte;;rk;Bund der Schwerhörigen e.V. https://www.glvhh.de/unsere-angebote/technik-hilfsmittel/h%C3%B6ranlagenverzeichnis/;20. Mai 2026;nein;53.620471;10.090575;
KI096;Osterkirche Bramfeld;kirche;;Bramfelder Chaussee 202;22177;Bramfeld;Wandsbek;;induktion;Ganze Kirche;;ev;Bund der Schwerhörigen e.V. https://www.glvhh.de/unsere-angebote/technik-hilfsmittel/h%C3%B6ranlagenverzeichnis/;20. Mai 2026;nein;53.609436;10.073816;
KI097;Thomaskirche Bramfeld;kirche;;Haldesdorfer Straße 28;22179;Bramfeld;Wandsbek;;induktion;Reihe 1–3;;ev;Bund der Schwerhörigen e.V. https://www.glvhh.de/unsere-angebote/technik-hilfsmittel/h%C3%B6ranlagenverzeichnis/;20. Mai 2026;nein;53.597011;10.069396;
KI098;Martin-Luther-King-Kirche;kirche;;Gründgensstraße 28;22309;Steilshoop;Wandsbek;;induktion;Ganze Kirche;;ev;Bund der Schwerhörigen e.V. https://www.glvhh.de/unsere-angebote/technik-hilfsmittel/h%C3%B6ranlagenverzeichnis/;20. Mai 2026;nein;53.610005;10.059472;
KI099;St. Johannis Steilshoop;kirche;;Gründgenstraße 32;22309;Steilshoop;Wandsbek;;induktion;Ganze Kirche;;rk;Bund der Schwerhörigen e.V. https://www.glvhh.de/unsere-angebote/technik-hilfsmittel/h%C3%B6ranlagenverzeichnis/;20. Mai 2026;nein;53.611118;10.063329;
KI100;Christophoruskirche;kirche;;Poppenbüttler Stieg 25;22339;Hummelsbüttel;Wandsbek;;induktion;Ganze Kirche;;ev;Bund der Schwerhörigen e.V. https://www.glvhh.de/unsere-angebote/technik-hilfsmittel/h%C3%B6ranlagenverzeichnis/;20. Mai 2026;nein;53.64414;10.052079;
KI101;Neuapostolische Kirche Volksdorf;kirche;;Eulenkrugpfad 6;22359;Volksdorf;Wandsbek;;funk;Ganze Kirche;;fk;Bund der Schwerhörigen e.V. https://www.glvhh.de/unsere-angebote/technik-hilfsmittel/h%C3%B6ranlagenverzeichnis/;20. Mai 2026;nein;53.648797;10.169562;
KI102;Heilig Kreuz Volksdorf;kirche;;Farmsener Landstraße 181;22359;Volksdorf;Wandsbek;;induktion;Ganze Kirche;;fk;Bund der Schwerhörigen e.V. https://www.glvhh.de/unsere-angebote/technik-hilfsmittel/h%C3%B6ranlagenverzeichnis/;20. Mai 2026;nein;53.650492;10.160655;
KI103;Kirche Am Rockenhof;kirche;;Rockenhof 5;22359;Volksdorf;Wandsbek;;induktion;Ganze Kirche;;ev;Bund der Schwerhörigen e.V. https://www.glvhh.de/unsere-angebote/technik-hilfsmittel/h%C3%B6ranlagenverzeichnis/;20. Mai 2026;nein;53.650832;10.164948;
KI104;St. Gabriel;kirche;;Sorenremen 16;22359;Volksdorf;Wandsbek;;induktion;Ganze Kirche;;ev;Bund der Schwerhörigen e.V. https://www.glvhh.de/unsere-angebote/technik-hilfsmittel/h%C3%B6ranlagenverzeichnis/;20. Mai 2026;nein;53.6602;10.169147;
KI105;Lutherkirche Wellingsbüttel;kirche;;Up de Worth 25-27;22391;Wellingsbüttel;Wandsbek;;infrarot;Ganze Kirche;;ev;Bund der Schwerhörigen e.V. https://www.glvhh.de/unsere-angebote/technik-hilfsmittel/h%C3%B6ranlagenverzeichnis/;20. Mai 2026;nein;53.63962;10.072528;
KI106;Neuapostolische Kirche HH-Alstertal;kirche;;Dweerblöcken 8;22393;Sasel;Wandsbek;;funk;Ganze Kirche;;fk;Bund der Schwerhörigen e.V. https://www.glvhh.de/unsere-angebote/technik-hilfsmittel/h%C3%B6ranlagenverzeichnis/;20. Mai 2026;nein;53.652066;10.111677;
KI107;St. Bernard;kirche;;Langenstücken 40-42;22393;Poppenbüttel;Wandsbek;;induktion;;;rk;Bund der Schwerhörigen e.V. https://www.glvhh.de/unsere-angebote/technik-hilfsmittel/h%C3%B6ranlagenverzeichnis/;20. Mai 2026;nein;53.65331;10.096557;
KI108;Vicelinkirche;kirche;;Saseler Markt 8;22393;Sasel;Wandsbek;;funk;Funkkopfhörer vorhanden;;;;;nein;53.65432;10.113608;
KI109;Matthias-Claudius-Kirche Wohldorf;kirche;;Bredenbelstraße 59;22397;Wohldorf-Ohlstedt;Wandsbek;;induktion;Mittlere Bankreihen;;ev;Bund der Schwerhörigen e.V. https://www.glvhh.de/unsere-angebote/technik-hilfsmittel/h%C3%B6ranlagenverzeichnis/;20. Mai 2026;nein;53.696787;10.129579;
KI110;Simon-Petrus-Kirche;kirche;;Harksheider Straße 156;22399;Poppenbüttel;Wandsbek;;induktion;Reihe 1–4 rechts;;ev;Bund der Schwerhörigen e.V. https://www.glvhh.de/unsere-angebote/technik-hilfsmittel/h%C3%B6ranlagenverzeichnis/;20. Mai 2026;nein;53.668553;10.066726;
KI111;Philemon-Kirche;kirche;;Poppenbüttler Weg 97;22399;Hummelsbüttel;Wandsbek;;induktion;Ganze Kirche;;ev;Bund der Schwerhörigen e.V. https://www.glvhh.de/unsere-angebote/technik-hilfsmittel/h%C3%B6ranlagenverzeichnis/;20. Mai 2026;nein;53.651347;10.067868;
KI112;Marktkirche Poppenbüttel;kirche;;Poppenbüttler Markt 2;22399;Poppenbüttel;Wandsbek;;funk;Kinnbügelkopfhörer vorhanden;;ev;Bund der Schwerhörigen e.V. https://www.glvhh.de/unsere-angebote/technik-hilfsmittel/h%C3%B6ranlagenverzeichnis/;20. Mai 2026;nein;53.659245;10.085756;
KI113;St. Petri und Pauli-Kirche Bergedorf;kirche;;Bergedorfer Schloßstraße 2;21029;Bergedorf;Bergedorf;;induktion;Ganze Kirche;;ev;Bund der Schwerhörigen e.V. https://www.glvhh.de/unsere-angebote/technik-hilfsmittel/h%C3%B6ranlagenverzeichnis/;20. Mai 2026;nein;53.489224;10.21141;
KI114;Neuapostolische Kirche Bergedorf;kirche;;Glindersweg 15;21029;Bergedorf;Bergedorf;;funk;Ganze Kirche;;fk;Bund der Schwerhörigen e.V. https://www.glvhh.de/unsere-angebote/technik-hilfsmittel/h%C3%B6ranlagenverzeichnis/;20. Mai 2026;nein;53.487108;10.22656;
KI115;St. Michael-Kirche Bergedorf;kirche;;Gojenbergsweg 26;21029;Bergedorf;Bergedorf;;induktion;Bitte nachfragen;;ev;Bund der Schwerhörigen e.V. https://www.glvhh.de/unsere-angebote/technik-hilfsmittel/h%C3%B6ranlagenverzeichnis/;20. Mai 2026;nein;53.48251;10.224773;
KI116;St. Marien Bergedorf;kirche;;Reinbeker Weg 8;21029;Bergedorf;Bergedorf;;induktion;Linke Seite;;rk;Bund der Schwerhörigen e.V. https://www.glvhh.de/unsere-angebote/technik-hilfsmittel/h%C3%B6ranlagenverzeichnis/;20. Mai 2026;nein;53.487959;10.216193;
KI117;FeG Hamburg-Bergedorf;kirche;;Schulenbrooksweg 2a;21029;Bergedorf;Bergedorf;;induktion;Ganze Kirche;;fk;Bund der Schwerhörigen e.V. https://www.glvhh.de/unsere-angebote/technik-hilfsmittel/h%C3%B6ranlagenverzeichnis/;20. Mai 2026;nein;53.486428;10.21806;
KI118;Auferstehungskirche Lohbrügge;kirche;;Kurt-Adams-Platz 9;21031;Lohbrügge;Bergedorf;;induktion;Bitte nachfragen;;ev;Bund der Schwerhörigen e.V. https://www.glvhh.de/unsere-angebote/technik-hilfsmittel/h%C3%B6ranlagenverzeichnis/;20. Mai 2026;nein;53.508335;10.209376;
KI119;Erlöserkirche Lohbrügge;kirche;;Lohbrügger Kirchstraße 9;21033;Lohbrügge;Bergedorf;;induktion;Ganze Kirche;;ev;Bund der Schwerhörigen e.V. https://www.glvhh.de/unsere-angebote/technik-hilfsmittel/h%C3%B6ranlagenverzeichnis/;20. Mai 2026;nein;53.497336;10.201374;
KI120;Neuapostolische Kirche Billwerder;kirche;;Mittlerer Landweg 43;21033;Billwerder;Bergedorf;;funk;Ganze Kirche;;fk;Bund der Schwerhörigen e.V. https://www.glvhh.de/unsere-angebote/technik-hilfsmittel/h%C3%B6ranlagenverzeichnis/;20. Mai 2026;nein;53.499045;10.134958;
KI121;St. Christophorus Lohbrügge;kirche;;Riehlstraße 64;21033;Lohbrügge;Bergedorf;;induktion;Kirchenschiff;;rk;Bund der Schwerhörigen e.V. https://www.glvhh.de/unsere-angebote/technik-hilfsmittel/h%C3%B6ranlagenverzeichnis/;20. Mai 2026;nein;53.496295;10.195725;
KI122;Franz-von-Assisi-Kirche;kirche;;Grachtenplatz 13;21035;Neuallermöhe;Bergedorf;;induktion;Ganze Kirche;;;;;nein;53.483057;10.174557;
KI123;St. Nicolai zu Altengamme;kirche;;Kirchenstegel 11;21039;Altengamme;Bergedorf;;induktion;Bitte nachfragen;;ev;Bund der Schwerhörigen e.V. https://www.glvhh.de/unsere-angebote/technik-hilfsmittel/h%C3%B6ranlagenverzeichnis/;20. Mai 2026;nein;53.429089;10.270068;
KI124;Ev.-method. Christuskirche Harburg;kirche;;Maretstraße 24a;21073;Harburg;Harburg;;induktion;Ganze Kirche;;fk;Bund der Schwerhörigen e.V. https://www.glvhh.de/unsere-angebote/technik-hilfsmittel/h%C3%B6ranlagenverzeichnis/;20. Mai 2026;nein;53.455263;9.981406;
KI125;St. Maria Harburg;kirche;;Museumsplatz 4;21073;Harburg;Harburg;;induktion;Ganze Kirche;;rk;Bund der Schwerhörigen e.V. https://www.glvhh.de/unsere-angebote/technik-hilfsmittel/h%C3%B6ranlagenverzeichnis/;20. Mai 2026;nein;53.459008;9.976523;
KI126;St. Paulus-Kirche Harburg;kirche;;Alter Postweg 46;21075;Harburg;Harburg;;induktion;Ganze Kirche;;ev;Bund der Schwerhörigen e.V. https://www.glvhh.de/unsere-angebote/technik-hilfsmittel/h%C3%B6ranlagenverzeichnis/;20. Mai 2026;nein;53.465764;9.963434;
KI127;St. Petrus-Kirche Harburg;kirche;;Haakestraße 100;21075;Harburg;Harburg;;induktion;Ganze Kirche;;ev;Bund der Schwerhörigen e.V. https://www.glvhh.de/unsere-angebote/technik-hilfsmittel/h%C3%B6ranlagenverzeichnis/;20. Mai 2026;nein;53.462057;9.954926;
KI128;Neuapostolische Kirche Harburg;kirche;;Wattenbergstraße 23;21075;Harburg;Harburg;;funk;Ganze Kirche;;fk;Bund der Schwerhörigen e.V. https://www.glvhh.de/unsere-angebote/technik-hilfsmittel/h%C3%B6ranlagenverzeichnis/;20. Mai 2026;nein;53.462578;9.963899;
KI129;Auferstehungskirche Marmstorf;kirche;;Elfenwiese 1;21077;Marmstorf;Harburg;;induktion;Ganze Kirche;;ev;Bund der Schwerhörigen e.V. https://www.glvhh.de/unsere-angebote/technik-hilfsmittel/h%C3%B6ranlagenverzeichnis/;20. Mai 2026;nein;53.439035;9.968447;
KI130;Apostelkirche Harburg;kirche;;Hainholzweg 52;21077;Harburg;Harburg;;induktion;Ganze Kirche;;ev;Bund der Schwerhörigen e.V. https://www.glvhh.de/unsere-angebote/technik-hilfsmittel/h%C3%B6ranlagenverzeichnis/;20. Mai 2026;nein;53.4508;9.940891;
KI131;Neuapostolische Kirche Sinstorf;kirche;;Sinstorfer Weg 74;21077;Sinstorf;Harburg;;funk;Ganze Kirche;;fk;Bund der Schwerhörigen e.V. https://www.glvhh.de/unsere-angebote/technik-hilfsmittel/h%C3%B6ranlagenverzeichnis/;20. Mai 2026;nein;53.426794;9.974944;
KI132;St. Pankratius Neuenfelde;kirche;;Organistenweg 7;21129;Neuenfelde;Harburg;;induktion;Ganze Kirche;;ev;Bund der Schwerhörigen e.V. https://www.glvhh.de/unsere-angebote/technik-hilfsmittel/h%C3%B6ranlagenverzeichnis/;20. Mai 2026;nein;53.520313;9.810283;
KI133;Thomaskirche Hausbruch;kirche;;Lange Striepen 3a;21147;Hausbruch;Harburg;;induktion;Ganze Kirche;;;;;nein;53.474787;9.885767;
KI134;Neuapostolische Kirche Neugraben-Fischbek;kirche;;Cuxhavener Straße 320;21149;Neugraben-Fischbek;Harburg;;funk;Ganze Kirche;;fk;Bund der Schwerhörigen e.V. https://www.glvhh.de/unsere-angebote/technik-hilfsmittel/h%C3%B6ranlagenverzeichnis/;20. Mai 2026;nein;53.471938;9.857754;
KI135;Michaeliskirche Neugraben;kirche;;Cuxhavener Straße 323;21149;Neugraben-Fischbek;Harburg;;induktion;Alle Plätze unter der Kuppel;;ev;Bund der Schwerhörigen e.V. https://www.glvhh.de/unsere-angebote/technik-hilfsmittel/h%C3%B6ranlagenverzeichnis/;20. Mai 2026;nein;53.471864;9.855486;
KI136;Cornelius-Kirche;kirche;;Dritte Meile 1;21149;Neugraben-Fischbek;Harburg;;induktion;Ganze Kirche;;ev;Bund der Schwerhörigen e.V. https://www.glvhh.de/unsere-angebote/technik-hilfsmittel/h%C3%B6ranlagenverzeichnis/;20. Mai 2026;nein;53.473462;9.828382;
